AKT-Portal http://www.aktors.org/ontology/portal http://www.aktors.org/ontology/portal
Amino-acid http://www.co-ode.org/ontologies/amino-acid/2005/10/11/amino-acid.owl http://www.co-ode.org/ontologies/amino-acid/2005/10/11/amino-acid.owl
Beer http://www.purl.org/net/ontology/beer http://www.purl.org/net/ontology/beer
Biopax http://www.biopax.org/release/biopax-level1.owl http://www.biopax.org/release/biopax-level1.owl
Buggy-Sweet-JPL http://sweet.jpl.nasa.gov/ontology/process.owl http://www.mindswap.org/ontologies/debug-sweet-jpl.owl
Congo_Web_Service http://www.daml.org/services/owl-s/1.1/CongoService.owl http://www.daml.org/services/owl-s/1.1/CongoService.owl
DOLCE-Lite http://www.mindswap.org/dav/ontologies/DOLCE-Lite http://www.mindswap.org/dav/ontologies/DOLCE-Lite
Economy http://reliant.teknowledge.com/DAML/Economy.owl http://reliant.teknowledge.com/DAML/Economy.owl
FLA http://www.flacp.fujitsulabs.com/tce/ontologies/2004/03/object.owl http://www.flacp.fujitsulabs.com/tce/ontologies/2004/03/object.owl
FOAF http://xmlns.com/foaf/0.1/index.rdf http://xmlns.com/foaf/0.1/index.rdf
FoodSwap http://www.mindswap.org/dav/ontologies/commonsense/food/foodswap.owl http://www.mindswap.org/dav/ontologies/commonsense/food/foodswap.owl
Galen http://www.mindswap.org/ontologies/galen.owl http://www.mindswap.org/ontologies/galen.owl
Hydrologic http://loki.cae.drexel.edu/~how/HydrologicUnits/hu http://loki.cae.drexel.edu/%7Ehow/HydrologicUnits/hu
Koala http://protege.stanford.edu/plugins/owl/owl-library/koala.owl http://protege.cim3.net/file/pub/ontologies/koala/koala.owl
MGED_Ontology http://mged.sourceforge.net/ontologies/MGEDOntology.daml http://mged.sourceforge.net/ontologies/MGEDOntology.daml
MILO http://reliant.teknowledge.com/DAML/Mid-level-ontology.owl http://reliant.teknowledge.com/DAML/Mid-level-ontology.owl
Mad_Cow http://www.mindswap.org/ontologies/mad_cows.owl http://www.mindswap.org/ontologies/mad_cows.owl
MindSwappers http://www.mindswap.org/2004/owl/mindswappers http://www.mindswap.org/2004/owl/mindswappers
Mini-Tambis http://miniTambis http://www.mindswap.org/ontologies/debugging/miniTambis.owl
NATO http://www.mindswap.org/ontologies/IEDMv1.0.owl http://www.mindswap.org/ontologies/IEDMv1.0.owl
OWLS-Profile http://www.daml.org/services/owl-s/1.1/Profile.owl http://www.daml.org/services/owl-s/1.1/Profile.owl
PIT http://counterterror.mindswap.org/2005/terrorism.owl http://www.mindswap.org/dav/ontologies/terrorism.owl
Pizza http://www.co-ode.org/ontologies/pizza/pizza_20041007.owl http://www.co-ode.org/ontologies/pizza/pizza_20041007.owl
SUMO http://reliant.teknowledge.com/DAML/SUMO.owl http://reliant.teknowledge.com/DAML/SUMO.owl
Sweet-JPL http://sweet.jpl.nasa.gov/ontology/earthrealm.owl http://sweet.jpl.nasa.gov/ontology/earthrealm.owl
TAP http://139.91.183.30:9090/RDF/VRP/Examples/tap.rdf http://139.91.183.30:9090/RDF/VRP/Examples/tap.rdf
Tambis http://www.mindswap.org/ontologies/tambis-full.owl http://www.mindswap.org/ontologies/tambis-full.owl
Teams http://owl.man.ac.uk/2005/sssw/teams http://owl.man.ac.uk/2005/07/sssw/teams
Transportation http://reliant.teknowledge.com/DAML/Transportation.owl http://reliant.teknowledge.com/DAML/Transportation.owl
University http://www.mindswap.org/ontologies/debugging/university.owl http://www.mindswap.org/ontologies/debugging/University.owl
WS-Policy-Example http://www.mindswap.org/dav/ontologies/policyContainmentTest.owl http://www.mindswap.org/dav/ontologies/policyContainmentTest.owl
Water http://loki.cae.drexel.edu/~wbs/ontology/2004/04/model http://loki.cae.drexel.edu/~wbs/ontology/2004/04/model
Wine http://www.w3.org/2001/sw/WebOnt/guide-src/wine.owl http://www.w3.org/2001/sw/WebOnt/guide-src/wine.owl
